No,Name,Season,Review Link,Year
0,eps1.0_hellofriend.mov,1,/title/tt4652838/reviews/?ref_=tt_ql_urv,2015
1,eps1.1_ones-and-zer0es.mpeg,1,/title/tt4686038/reviews/?ref_=tt_ql_urv,2015
2,eps1.2_d3bug.mkv,1,/title/tt4730002/reviews/?ref_=tt_ql_urv,2015
3,eps1.3_da3m0ns.mp4,1,/title/tt4659980/reviews/?ref_=tt_ql_urv,2015
4,eps1.4_3xpl0its.wmv,1,/title/tt4730012/reviews/?ref_=tt_ql_urv,2015
5,eps1.5_br4ve-trave1er.asf,1,/title/tt4730014/reviews/?ref_=tt_ql_urv,2015
6,eps1.6_v1ew-s0urce.flv,1,/title/tt4730018/reviews/?ref_=tt_ql_urv,2015
7,eps1.7_wh1ter0se.m4v,1,/title/tt4730026/reviews/?ref_=tt_ql_urv,2015
8,eps1.8_m1rr0r1ng.qt,1,/title/tt4799588/reviews/?ref_=tt_ql_urv,2015
9,eps1.9_zer0-day.avi,1,/title/tt4652854/reviews/?ref_=tt_ql_urv,2015
10,eps2.0_unm4sk-pt1.tc,2,/title/tt4901088/reviews/?ref_=tt_ql_urv,2016
11,eps2.0_unm4sk-pt2.tc,2,/title/tt5342606/reviews/?ref_=tt_ql_urv,2016
12,eps2.1_k3rnel-pan1c.ksd,2,/title/tt5344704/reviews/?ref_=tt_ql_urv,2016
13,eps2.2_init_1.asec,2,/title/tt5344766/reviews/?ref_=tt_ql_urv,2016
14,eps2.3_logic-b0mb.hc,2,/title/tt5344796/reviews/?ref_=tt_ql_urv,2016
15,eps2.4_m4ster-s1ave.aes,2,/title/tt5345894/reviews/?ref_=tt_ql_urv,2016
16,eps2.5_h4ndshake.sme,2,/title/tt5347278/reviews/?ref_=tt_ql_urv,2016
17,eps2.6_succ3ss0r.p12,2,/title/tt5347318/reviews/?ref_=tt_ql_urv,2016
18,eps2.7_init_5.fve,2,/title/tt5347322/reviews/?ref_=tt_ql_urv,2016
19,eps2.8_h1dden-pr0cess.axx,2,/title/tt5347330/reviews/?ref_=tt_ql_urv,2016
20,eps2.9_pyth0n-pt1.p7z,2,/title/tt5831628/reviews/?ref_=tt_ql_urv,2016
21,eps2.9_pyth0n-pt2.p7z,2,/title/tt5831630/reviews/?ref_=tt_ql_urv,2016
22,eps3.0_power-saver-mode.h,3,/title/tt5970530/reviews/?ref_=tt_ql_urv,2017
23,eps3.1_undo.gz,3,/title/tt6633686/reviews/?ref_=tt_ql_urv,2017
24,eps3.2_legacy.so,3,/title/tt6633688/reviews/?ref_=tt_ql_urv,2017
25,eps3.3_m3tadata.par2,3,/title/tt6633692/reviews/?ref_=tt_ql_urv,2017
26,eps3.4_runtime-err0r.r00,3,/title/tt6633696/reviews/?ref_=tt_ql_urv,2017
27,eps3.5_kill-pr0cess.inc,3,/title/tt6635194/reviews/?ref_=tt_ql_urv,2017
28,eps3.6_fredrick+tanya.chk,3,/title/tt6635200/reviews/?ref_=tt_ql_urv,2017
29,eps3.7_dont-delete-me.ko,3,/title/tt6635212/reviews/?ref_=tt_ql_urv,2017
30,eps3.8_stage3.torrent,3,/title/tt6635210/reviews/?ref_=tt_ql_urv,2017
31,shutdown -r,3,/title/tt6633682/reviews/?ref_=tt_ql_urv,2017
32,401 Unauthorized,4,/title/tt7748418/reviews/?ref_=tt_ql_urv,2019
33,402 Payment Required,4,/title/tt8084154/reviews/?ref_=tt_ql_urv,2019
34,403 Forbidden,4,/title/tt8084160/reviews/?ref_=tt_ql_urv,2019
35,404 Not Found,4,/title/tt8084164/reviews/?ref_=tt_ql_urv,2019
36,405 Method Not Allowed,4,/title/tt8084166/reviews/?ref_=tt_ql_urv,2019
37,406 Not Acceptable,4,/title/tt8084172/reviews/?ref_=tt_ql_urv,2019
38,407 Proxy Authentication Required,4,/title/tt8084176/reviews/?ref_=tt_ql_urv,2019
39,408 Request Timeout,4,/title/tt8084178/reviews/?ref_=tt_ql_urv,2019
40,409 Conflict,4,/title/tt8084180/reviews/?ref_=tt_ql_urv,2019
41,410 Gone,4,/title/tt8084184/reviews/?ref_=tt_ql_urv,2019
42,eXit,4,/title/tt8919312/reviews/?ref_=tt_ql_urv,2019
43,whoami,4,/title/tt8919318/reviews/?ref_=tt_ql_urv,2019
44,"Hello, Elliot",4,/title/tt10883092/reviews/?ref_=tt_ql_urv,2019
